<?xml version='1.0' encoding='utf-8'?>
<widget id="io.cordova.helloCordova" version="2.0.0" xmlns="http://www.w3.org/ns/widgets">
    <name>Hello Cordova</name>
    <description>
        A sample Apache Cordova application that responds to the deviceready event.
    </description>
    <author email="dev@cordova.apache.org" href="http://cordova.io">
        Apache Cordova Team
    </author>
    <content src="http://app.wdslab.com/" />
    <feature name="App">
        <param name="android-package" value="org.apache.cordova.App" />
    </feature>
    <feature name="Notification">
        <param name="android-package" value="org.apache.cordova.dialogs.Notification" />
    </feature>
    <feature name="File">
        <param name="android-package" value="org.apache.cordova.file.FileUtils" />
    </feature>
    <feature name="Device">
        <param name="android-package" value="org.apache.cordova.device.Device" />
    </feature>
    <feature name="Accelerometer">
        <param name="android-package" value="org.apache.cordova.devicemotion.AccelListener" />
    </feature>
    <feature name="Compass">
        <param name="android-package" value="org.apache.cordova.deviceorientation.CompassListener" />
    </feature>
    <feature name="Globalization">
        <param name="android-package" value="org.apache.cordova.globalization.Globalization" />
    </feature>
    <access origin="*" />
    <preference name="useBrowserHistory" value="true" />
    <preference name="exit-on-suspend" value="false" />
    <preference name="permissions" value="none" />
    <preference name="orientation" value="default" />
    <preference name="target-device" value="universal" />
    <preference name="fullscreen" value="true" />
    <preference name="webviewbounce" value="true" />
    <preference name="prerendered-icon" value="true" />
    <preference name="stay-in-webview" value="false" />
    <preference name="ios-statusbarstyle" value="black-opaque" />
    <preference name="detect-data-types" value="true" />
    <preference name="show-splash-screen-spinner" value="true" />
    <preference name="auto-hide-splash-screen" value="true" />
    <preference name="disable-cursor" value="false" />
    <preference name="android-minSdkVersion" value="7" />
    <preference name="android-installLocation" value="auto" />
    <feature name="SplashScreen">
        <param name="android-package" value="org.apache.cordova.splashscreen.SplashScreen" />
    </feature>
    <feature name="Contacts">
        <param name="android-package" value="org.apache.cordova.contacts.ContactManager" />
    </feature>
    <feature name="Vibration">
        <param name="android-package" value="org.apache.cordova.vibration.Vibration" />
    </feature>
    <feature name="FileTransfer">
        <param name="android-package" value="org.apache.cordova.filetransfer.FileTransfer" />
    </feature>
    <feature name="Camera">
        <param name="android-package" value="org.apache.cordova.camera.CameraLauncher" />
    </feature>
    <feature name="InAppBrowser">
        <param name="android-package" value="org.apache.cordova.inappbrowser.InAppBrowser" />
    </feature>
</widget>
